"krs","name","unter 3 Jahre","3 bis unter 6 Jahre","6 bis unter 10 Jahre","10 bis unter 15 Jahre","15 bis unter 18 Jahre","18 bis unter 20 Jahre","20 bis unter 25 Jahre","25 bis unter 30 Jahre","30 bis unter 35 Jahre","35 bis unter 40 Jahre","40 bis unter 45 Jahre","45 bis unter 50 Jahre","50 bis unter 55 Jahre","55 bis unter 60 Jahre","60 bis unter 65 Jahre","65 bis unter 75 Jahre","75 Jahre und mehr","Insgesamt","land"
1001,"      Flensburg, Kreisfreie Stadt",2629,2332,3115,3611,2241,2201,8558,8057,5838,4962,4749,5443,6662,6057,5061,8525,9463,89504,SH
1002,"      Kiel, Landeshauptstadt, Kreisfreie Stadt",7047,6361,7815,9567,5835,5432,22002,24488,19806,16018,13691,15247,18332,16398,13540,21566,24403,247548,SH
1003,"      Lübeck, Hansestadt, Kreisfreie Stadt",5826,5431,6982,9014,5434,4490,13765,15014,14052,13070,12129,14378,17690,16199,13326,22610,27788,217198,SH
1004,"      Neumünster, Kreisfreie Stadt",2082,2120,2794,3707,2333,1942,4618,5167,4886,4576,4364,5359,6543,6081,4963,8181,9771,79487,SH
1051,"      Dithmarschen, Landkreis",3249,3216,4469,6037,4179,3031,7374,6833,6670,6748,6936,9209,11696,11101,9500,15894,17068,133210,SH
1053,"      Herzogtum Lauenburg, Landkreis",5777,5552,7227,9595,6176,4280,9020,9540,10932,11818,11685,13933,18427,16361,12831,19921,24189,197264,SH
1054,"      Nordfriesland, Landkreis",4157,4027,5299,7421,5209,3788,8810,9231,8894,8738,8686,11347,14811,13620,11456,19230,20783,165507,SH
1055,"      Ostholstein, Landkreis",4406,4385,6356,8341,5643,3952,8621,9082,9277,10368,10506,13916,18255,17360,14940,26083,29090,200581,SH
1056,"      Pinneberg, Landkreis",8984,8744,11541,15004,9364,6549,16038,16067,17615,19183,19086,22716,28929,25399,19669,31903,37600,314391,SH
1057,"      Plön, Landkreis",3153,3196,4325,5970,3869,2771,5616,5429,5954,6604,6904,9101,12044,11124,8976,15722,17889,128647,SH
1058,"      Rendsburg-Eckernförde, Landkreis",7010,7181,9768,13261,8740,6279,12854,12697,13763,14892,15186,19738,25839,22901,18533,30678,33455,272775,SH
1059,"      Schleswig-Flensburg, Landkreis",5412,5364,7234,9618,6254,4603,9363,10080,10514,10663,10913,13835,18335,16605,13530,23104,24598,200025,SH
1060,"      Segeberg, Landkreis",7601,7624,10297,13038,8390,5860,13532,14270,16111,17316,16920,19842,25630,22091,17459,28589,31462,276032,SH
1061,"      Steinburg, Landkreis",3411,3401,4501,5983,4060,2994,6537,6835,7164,6924,7027,9464,12601,11650,8912,13934,15949,131347,SH
1062,"      Stormarn, Landkreis",6542,6979,9338,11900,7309,5247,10935,10453,12542,15032,15015,17720,22921,19646,15377,25386,30854,243196,SH
2000,"  Hamburg",61527,55110,65257,78729,45839,34534,112486,148012,153975,141244,123205,125082,143394,121805,94725,154400,181855,1841179,HH
3101,"      Braunschweig, Kreisfreie Stadt",6840,6190,7721,9636,5909,4765,17330,21295,19071,16453,14360,15974,18920,17180,14481,23144,29023,248292,NI
3102,"      Salzgitter, Kreisfreie Stadt",3518,3125,4045,4992,3071,2320,6255,6307,6140,6021,5728,6531,8195,7958,6850,11139,12753,104948,NI
3103,"      Wolfsburg, Kreisfreie Stadt",3982,3665,4439,5154,3236,2174,6295,8598,9025,8508,7240,7868,9414,9252,7726,11755,15820,124151,NI
3151,"      Gifhorn, Landkreis",5505,5205,6617,8661,5629,3961,8680,9157,10565,10636,10074,12238,16050,15517,12161,17117,18147,175920,NI
3153,"      Goslar, Landkreis",2975,2886,3805,5327,3600,2828,7826,7739,6854,6869,6767,9189,11796,11260,9874,16921,20498,137014,NI
3154,"      Helmstedt, Landkreis",2485,2414,2967,4033,2482,1826,4318,4683,5238,5415,5032,6174,8160,7985,6744,10037,11314,91307,NI
3155,"      Northeim, Landkreis",3178,3269,4196,5659,3703,2849,6596,6702,6648,6891,6877,8980,11617,11970,9955,15550,18125,132765,NI
3157,"      Peine, Landkreis",3937,3862,4984,6555,4247,3137,6647,6546,7449,7862,7810,9903,12286,11092,9008,13339,15301,133965,NI
3158,"      Wolfenbüttel, Landkreis",3019,2953,3943,5251,3627,2605,6318,6102,6239,6442,6573,8614,11266,10199,8428,13376,15005,119960,NI
3159,"      Göttingen, Landkreis",8497,8026,10510,13828,8880,7530,23445,22918,20311,18175,17107,20853,26037,25955,22175,34728,39099,328074,NI
3241,"      Region Hannover, Landkreis",34032,32419,41050,51648,31604,23861,70497,78396,76955,74452,69235,77449,94663,86360,71069,110738,133196,1157624,NI
3241001,"      Hannover, Landeshauptstadt",16100,14805,18122,22151,12938,10514,39634,47996,43110,37600,33273,34886,39902,36193,30083,45889,54872,538068,
3251,"      Diepholz, Landkreis",5941,5717,7717,10247,6721,4776,10993,11380,11888,12128,11982,15694,20115,18330,14776,22973,25508,216886,NI
3252,"      Hameln-Pyrmont, Landkreis",3874,3840,4916,6567,4306,2955,7398,7621,7609,7775,7746,9903,12937,12658,10762,16821,20871,148559,NI
3254,"      Hildesheim, Landkreis",7010,6967,8822,12208,8069,6035,17079,16269,15064,15022,15065,18759,24110,22776,18832,29694,34813,276594,NI
3255,"      Holzminden, Landkreis",1726,1704,2292,2923,2122,1513,3712,3612,3640,3621,3486,4655,6083,6032,5198,8475,10181,70975,NI
3256,"      Nienburg (Weser), Landkreis",3227,3264,4267,5868,3832,2726,6638,6435,6602,6497,6599,8456,10816,10557,8652,12687,14263,121386,NI
3257,"      Schaumburg, Landkreis",4009,3950,5082,6985,4763,3520,7950,7908,8145,8457,8406,10984,14438,13476,11081,17545,21082,157781,NI
3351,"      Celle, Landkreis",4970,5083,6568,8605,5627,3902,8998,9613,10179,10320,9715,11843,15137,14285,12299,19858,21934,178936,NI
3352,"      Cuxhaven, Landkreis",5157,5067,6776,9174,5969,4232,9310,9425,10251,10399,10446,13994,17366,16462,14086,24593,25506,198213,NI
3353,"      Harburg, Landkreis",7187,7191,9380,12110,7662,5308,12491,11807,13355,15246,14966,18355,24067,21190,16048,26624,29789,252776,NI
3354,"      Lüchow-Dannenberg, Landkreis",1074,1170,1509,2167,1487,954,2028,2110,2270,2453,2378,3114,4190,4266,3798,6330,7126,48424,NI
3355,"      Lüneburg, Landkreis",5090,5298,6812,8764,5622,4248,11330,10866,10894,11289,11128,13140,16324,14458,11332,17766,19011,183372,NI
3356,"      Osterholz, Landkreis",3108,3125,4010,5220,3530,2400,5304,5150,5716,6485,6400,8131,10817,9763,7800,12861,13697,113517,NI
3357,"      Rotenburg (Wümme), Landkreis",4428,4279,5757,7992,5544,3871,9076,9083,9408,9172,9108,11725,14656,13781,11033,16938,17604,163455,NI
3358,"      Heidekreis, Landkreis",3724,3820,4973,6555,4377,3197,7536,7955,8016,7717,7656,9586,12170,11700,9446,14439,16888,139755,NI
3359,"      Stade, Landkreis",6032,5803,7669,9776,6451,4663,11038,11370,11917,12038,12014,14147,17559,16209,12937,21301,22178,203102,NI
3360,"      Uelzen, Landkreis",2143,2194,2919,4166,2667,1946,4701,4635,4674,4650,5019,6458,8172,8102,6724,10513,12889,92572,NI
3361,"      Verden, Landkreis",4072,4099,5122,6492,4244,3024,7165,7005,7637,7818,7560,9633,11954,11189,9285,14995,15498,136792,NI
3401,"      Delmenhorst, Kreisfreie Stadt",2556,2259,2737,3635,2368,1711,4401,4925,4841,4322,4399,5216,6316,5963,4931,8283,8744,77607,NI
3402,"      Emden, Kreisfreie Stadt",1447,1377,1793,2276,1457,1185,3491,3560,3119,2967,2687,3472,4029,3601,3087,5276,5371,50195,NI
3403,"      Oldenburg (Oldenburg), Kreisfreie Stadt",4655,4348,5513,7001,4445,3758,13009,14788,12646,10419,9444,10859,13338,12118,9960,15393,16516,168210,NI
3404,"      Osnabrück, Kreisfreie Stadt",4641,4136,5285,6655,4022,3920,15922,15618,12105,10262,9021,10540,11958,10828,9209,13819,16807,164748,NI
3405,"      Wilhelmshaven, Kreisfreie Stadt",2067,1794,2294,2934,1914,1577,5379,5619,4380,3720,3568,4360,6034,5872,4886,9007,10873,76278,NI
3451,"      Ammerland, Landkreis",3396,3424,4527,5957,4097,2863,6145,6282,6717,6914,6995,8975,10966,9986,8147,13884,14796,124071,NI
3452,"      Aurich, Landkreis",5020,4862,6580,8912,6072,4421,10504,10298,10131,10120,10236,13909,16536,15539,13419,22611,20678,189848,NI
3453,"      Cloppenburg, Landkreis",5747,5497,7135,9613,6341,4532,11199,11219,10881,10521,9962,11776,13981,12904,10317,13473,14250,169348,NI
3454,"      Emsland, Landkreis",9931,9251,12226,16565,10898,7988,19169,20462,20584,19820,19534,23309,27545,25276,21397,30912,30790,325657,NI
3455,"      Friesland, Landkreis",2495,2474,3312,4312,2993,2184,4787,4781,4885,4811,5014,6730,9026,8285,6652,12331,13388,98460,NI
3456,"      Grafschaft Bentheim, Landkreis",3951,3969,5242,6971,4555,3186,7613,7823,7886,7874,7752,9690,12036,10990,8921,13768,14284,136511,NI
3457,"      Leer, Landkreis",4928,4579,6101,8151,5570,4062,9508,9858,9974,9751,9356,12312,14693,13441,11327,18299,17899,169809,NI
3458,"      Oldenburg, Landkreis",3634,3462,4773,6301,4280,3139,6776,6368,6898,7216,7519,9723,12417,11223,8735,13399,14281,130144,NI
3459,"      Osnabrück, Landkreis",10518,10248,13345,17845,11784,8331,19722,19824,20269,20654,20573,25149,31016,29932,24242,34389,39502,357343,NI
3460,"      Vechta, Landkreis",4784,4457,5847,7744,5196,3638,9945,9482,9468,8734,8693,9722,11709,10901,8431,11199,11648,141598,NI
3461,"      Wesermarsch, Landkreis",2337,2135,2922,4037,2877,1976,4791,4796,4506,4480,4719,6171,8101,7687,6292,9995,10802,88624,NI
3462,"      Wittmund, Landkreis",1375,1429,1976,2652,1861,1313,2913,2921,2869,2929,2935,4072,4748,4823,4138,7161,6767,56882,NI
4011,"      Bremen, Kreisfreie Stadt",17073,15565,18855,24058,14786,12216,37702,42620,41090,37187,33300,36883,44545,40317,33899,55302,63954,569352,HB
4012,"      Bremerhaven, Kreisfreie Stadt",3515,3416,4222,5373,3202,2502,7180,7483,7148,6712,6425,7072,8511,8571,7583,11951,12768,113634,HB
5111,"      Düsseldorf, Kreisfreie Stadt",19542,17690,21699,25791,14488,10537,33644,48853,51944,46153,40099,42978,49086,42823,34348,54885,64734,619294,NW
5112,"      Duisburg, Kreisfreie Stadt",15571,14251,18160,22935,14412,10590,30664,34999,32554,30690,29497,33651,39740,37484,31768,46698,54926,498590,NW
5113,"      Essen, Kreisfreie Stadt",17492,16333,19848,25280,15008,11216,34534,42831,40573,36981,33520,37784,45408,42921,37567,58037,67776,583109,NW
5114,"      Krefeld, Kreisfreie Stadt",6587,6058,8009,10289,6440,4752,12825,14482,13803,13299,12988,15427,19341,17879,15109,23039,26693,227020,NW
5116,"      Mönchengladbach, Kreisfreie Stadt",7765,7149,9115,11829,7508,5407,15389,17719,17095,15611,14701,17282,21714,20968,17679,26261,28262,261454,NW
5117,"      Mülheim an der Ruhr, Kreisfreie Stadt",4963,4584,6032,7279,4534,3181,8858,10216,10087,9871,9371,11491,14496,13621,11533,18386,22377,170880,NW
5119,"      Oberhausen, Kreisfreie Stadt",6009,5626,7216,9088,5619,4190,11503,13397,13360,13060,12074,14062,17566,16971,15066,22106,23916,210829,NW
5120,"      Remscheid, Kreisfreie Stadt",3264,3087,3872,5166,3278,2314,5998,6495,6363,6487,6301,7613,9663,9051,7435,11209,13398,110994,NW
5122,"      Solingen, Kreisfreie Stadt",4563,4402,5660,7538,4732,3352,8825,9471,9644,9480,9015,10900,14205,13186,10442,15047,18898,159360,NW
5124,"      Wuppertal, Kreisfreie Stadt",10834,10240,13020,16643,10075,7605,21853,24241,23246,21914,19840,23112,29007,26984,22048,33801,39919,354382,NW
5154,"      Kleve, Kreis",8591,8336,10981,14490,9442,6612,18140,18935,18745,17962,17160,21575,28077,25967,21687,32081,32193,310974,NW
5158,"      Mettmann, Kreis",13688,13363,17248,22322,14163,9522,23445,24408,26703,27976,27156,33361,43283,40508,32889,51869,63780,485684,NW
5162,"      Rhein-Kreis Neuss",13275,12957,16746,21305,13407,9043,21898,23365,25509,27755,27453,31972,40154,36705,30572,46305,52586,451007,NW
5166,"      Viersen, Kreis",7912,7742,10162,13509,9111,6272,15347,15743,16064,17027,16425,21058,28712,26530,21237,31453,34631,298935,NW
5170,"      Wesel, Kreis",12147,11769,15233,20184,13107,9030,22338,25105,25971,26015,24690,31202,40892,40483,34668,51478,55497,459809,NW
5314,"      Bonn, Kreisfreie Stadt",10131,9711,12507,15371,9064,7646,24975,26651,24265,22435,19567,21017,24733,22274,17978,26825,32108,327258,NW
5315,"      Köln, Kreisfreie Stadt",34075,30850,37779,45874,26701,20602,72069,94134,91019,81800,72720,75840,84640,71985,57206,89094,99276,1085664,NW
5316,"      Leverkusen, Kreisfreie Stadt",4834,4754,5966,7734,4860,3244,8632,9921,9908,10048,9664,11342,14205,12933,10287,15366,20140,163838,NW
5334,"      Städteregion Aachen (einschl. Stadt Aachen)",15150,14151,17885,23485,15241,13987,46902,44552,35814,31673,29172,34891,43690,41104,35182,53327,59259,555465,NW
5334002,"      Aachen, krfr. Stadt",6287,5719,7040,9197,5768,7110,30370,27401,18242,13803,11870,13254,16849,15819,13476,20784,24391,247380,
5358,"      Düren, Kreis",7598,7099,9259,12197,7864,5819,15263,15712,15457,15280,14546,17837,22770,22153,18833,27771,28264,263722,NW
5362,"      Rhein-Erft-Kreis",14034,13616,17324,21899,13866,9951,25029,25921,27204,28843,28585,32794,41686,38014,31051,48807,51465,470089,NW
5366,"      Euskirchen, Kreis",5410,5217,6759,9043,5971,4158,9993,10259,10866,10857,10778,13090,17487,17233,14046,20629,21044,192840,NW
5370,"      Heinsberg, Kreis",7162,6828,9026,11891,7903,5712,13540,14293,14788,14913,14471,17530,22821,22186,18244,26071,26943,254322,NW
5374,"      Oberbergischer Kreis",8050,7616,10133,13133,8744,6262,15004,15066,15427,15701,15089,18112,23848,23215,19104,26618,31349,272471,NW
5378,"      Rheinisch-Bergischer Kreis",7604,7795,10177,13371,8745,6060,13759,13363,14689,15761,15958,19941,26526,24515,19586,29298,36307,283455,NW
5382,"      Rhein-Sieg-Kreis",17289,17269,22814,29459,18660,13285,31882,32519,33342,35629,34139,41347,53409,50042,40703,60958,67034,599780,NW
5512,"      Bottrop, Kreisfreie Stadt",3150,2951,3839,5028,3382,2414,6179,6817,6908,7003,6665,8064,10127,9815,8817,12765,13459,117383,NW
5513,"      Gelsenkirchen, Kreisfreie Stadt",8270,7641,9810,12409,7754,5690,15232,17250,16416,15519,15233,17729,20448,19879,17649,25670,28055,260654,NW
5515,"      Münster, Kreisfreie Stadt",8991,8145,10085,12279,7532,7624,31392,31343,25296,20708,17603,18852,22638,20875,17208,24380,29368,314319,NW
5554,"      Borken, Kreis",11388,10907,14315,19098,12558,8796,21678,22648,22002,21772,21202,25893,33606,30553,24070,33861,36329,370676,NW
5558,"      Coesfeld, Kreis",6458,6223,7808,10563,7267,5213,12014,11264,12081,12545,12419,15243,20287,19054,15905,22324,23261,219929,NW
5562,"      Recklinghausen, Kreis",17004,16109,20900,27176,17823,12808,31775,33991,34282,34821,35039,42752,53097,51639,45837,67862,72346,615261,NW
5566,"      Steinfurt, Kreis",13599,12870,16912,22558,15160,10821,26043,25423,25626,25978,25390,31658,40577,36933,29507,41909,46650,447614,NW
5570,"      Warendorf, Kreis",7928,7871,10269,13929,9324,6686,15038,14716,15642,15933,15980,19570,24477,22934,18912,27642,30932,277783,NW
5711,"      Bielefeld, Kreisfreie Stadt",10142,9430,12176,15773,9772,7652,22925,24957,23577,20970,19466,21997,25334,23525,19711,29333,37046,333786,NW
5754,"      Gütersloh, Kreis",10954,10576,13740,18296,11877,8614,21129,21509,22098,21864,21858,25863,32025,29381,23266,32587,38446,364083,NW
5758,"      Herford, Kreis",7035,6909,9059,11900,7715,5558,13240,13806,14248,14485,14386,17216,21731,21011,17053,24854,30577,250783,NW
5762,"      Höxter, Kreis",3712,3591,4878,6776,4557,3171,7726,7479,7497,7487,7499,9405,12472,12200,10380,14818,17019,140667,NW
5766,"      Lippe, Kreis",10356,10031,13269,17475,11119,7834,19341,19498,19521,19312,18362,22872,28928,28370,23855,35399,42849,348391,NW
5770,"      Minden-Lübbecke, Kreis",8948,8707,11425,15335,9923,6974,17001,17560,17615,17172,16874,21015,26349,25996,21515,30950,37351,310710,NW
5774,"      Paderborn, Kreis",9316,9155,11601,14784,9537,7312,21275,22192,21188,19248,17736,20244,24254,23647,20148,26727,28526,306890,NW
5911,"      Bochum, Kreisfreie Stadt",9767,8997,11271,14299,9044,7330,24487,27969,25397,22516,19893,23021,28254,27338,24542,37480,43023,364628,NW
5913,"      Dortmund, Kreisfreie Stadt",17540,16302,20060,25603,16022,11989,38180,43785,40436,37559,34304,39349,46209,42779,36684,56388,63821,587010,NW
5914,"      Hagen, Kreisfreie Stadt",5718,5429,6881,8833,5843,4060,10547,11642,11225,10909,10344,12465,15532,14865,12536,19055,22930,188814,NW
5915,"      Hamm, Kreisfreie Stadt",5176,5146,6559,8713,5712,4218,11055,11082,10765,10833,11007,12259,14171,13248,11827,17808,19532,179111,NW
5916,"      Herne, Kreisfreie Stadt",4381,4208,5286,6709,4654,3465,9257,10041,9316,9186,9200,11223,12592,12255,10448,16092,18061,156374,NW
5954,"      Ennepe-Ruhr-Kreis",8729,8316,10468,13593,8730,6369,16843,18371,18113,18327,17325,22008,29439,27434,23489,35773,40969,324296,NW
5958,"      Hochsauerlandkreis",6934,6551,8736,12364,8347,5771,14050,14860,14688,14360,14173,18236,23199,22161,18714,26360,30971,260475,NW
5962,"      Märkischer Kreis",11506,10912,14498,19386,12750,8890,21914,23559,23585,23093,22566,27999,37129,34785,28751,41967,48830,412120,NW
5966,"      Olpe, Kreis",3790,3769,4773,6517,4283,3187,7369,7901,7849,8030,7773,9515,12248,11380,9254,12889,14248,134775,NW
5970,"      Siegen-Wittgenstein, Kreis",8004,7427,9544,12222,7977,6008,18229,18489,16962,16293,15002,18117,22861,22175,19127,28227,31546,278210,NW
5974,"      Soest, Kreis",8430,8220,10812,14513,9417,6706,16574,17154,17345,17603,17099,21215,26530,25231,20999,30057,33997,301902,NW
5978,"      Unna, Kreis",10774,10390,13268,17833,11517,8441,20886,21502,21847,22609,22465,27050,34425,33016,28955,42880,46924,394782,NW
6411,"      Darmstadt, Kreisfreie Stadt",4962,4366,5635,6657,3851,3556,14709,16452,13024,10560,8962,9700,10966,10028,8363,12910,14506,159207,HE
6412,"      Frankfurt am Main, Kreisfreie Stadt",26055,22899,27956,32640,17892,13046,44029,65702,70348,63809,55385,54089,57206,47048,37192,58550,59210,753056,HE
6413,"      Offenbach am Main, Kreisfreie Stadt",4628,4155,5181,6282,3673,2491,8134,10383,10476,9555,8620,8773,9594,8656,6957,10438,10748,128744,HE
6414,"      Wiesbaden, Landeshauptstadt, Kreisfreie Stadt",9394,8430,10587,13349,7838,5673,16563,18425,18519,18887,17828,19120,22298,19840,15987,25796,29808,278342,HE
6431,"      Bergstraße, Landkreis",7434,7263,9371,11822,7664,5517,14102,14509,15418,16044,15306,18711,24372,23202,19095,29282,30582,269694,HE
6432,"      Darmstadt-Dieburg, Landkreis",8692,8560,11014,13742,8775,6448,16362,16792,17313,18388,17972,20917,26676,24365,19675,30922,30786,297399,HE
6433,"      Groß-Gerau, Landkreis",8944,8434,10515,13051,8011,5771,16018,17518,18183,18606,17751,19258,23077,20372,16239,25510,27268,274526,HE
6434,"      Hochtaunuskreis",6433,6976,9461,12295,7364,4832,11178,10896,11921,13931,15035,17948,21535,18804,14537,24097,29321,236564,HE
6435,"      Main-Kinzig-Kreis",12023,11639,14864,19310,12261,8878,22208,24115,24847,25759,25388,29625,36263,33706,27871,44118,46075,418950,HE
6436,"      Main-Taunus-Kreis",7097,7121,9498,12199,7174,4760,11271,12128,13659,15690,15629,17773,21265,18213,13956,23211,27091,237735,HE
6437,"      Odenwaldkreis",2504,2435,3263,4240,2822,2062,4995,5283,5330,5284,5372,6626,8241,8351,7167,11205,11618,96798,HE
6438,"      Offenbach, Landkreis",10950,10263,13271,16986,10053,7410,18717,20149,21737,23120,22135,25042,30117,27172,21953,36012,39005,354092,HE
6439,"      Rheingau-Taunus-Kreis",4926,4866,6509,8715,5608,3907,9831,9239,9732,10876,10869,13429,17408,15624,12851,20690,22077,187157,HE
6440,"      Wetteraukreis",8471,8470,11165,14317,9109,6491,16423,17203,17999,18842,18695,21866,27499,24864,20318,31326,33402,306460,HE
6531,"      Gießen, Landkreis",7781,6997,8956,11347,7244,6135,23329,22007,18321,16181,14489,16448,20442,20188,16959,25403,26649,268876,HE
6532,"      Lahn-Dill-Kreis",7075,6783,8990,11693,7508,5442,13992,14699,14661,14751,14443,17265,21888,20987,17554,26699,29347,253777,HE
6533,"      Limburg-Weilburg, Landkreis",4660,4484,5948,8210,5429,3776,9194,9846,9955,10069,9826,11882,15176,14592,12126,18061,18849,172083,HE
6534,"      Marburg-Biedenkopf, Landkreis",6495,6403,8388,11070,7017,6198,20604,18668,15746,14444,13773,15735,19096,18984,15590,23187,25250,246648,HE
6535,"      Vogelsbergkreis",2520,2497,3438,4514,2926,2175,5188,5361,5550,5814,5822,7160,8968,9668,8525,12274,13478,105878,HE
6611,"      Kassel, Kreisfreie Stadt",6207,5444,6768,8384,5100,4404,16023,18101,15440,12657,11028,12272,14736,13947,11787,18556,20731,201585,HE
6631,"      Fulda, Landkreis",6379,6178,7866,10468,6824,5041,13681,14118,13510,12898,12493,15288,18662,17608,14675,21414,25481,222584,HE
6632,"      Hersfeld-Rotenburg, Landkreis",3215,3108,4068,5595,3407,2443,6180,6555,6771,6659,6550,8328,10221,10021,8745,13616,15347,120829,HE
6633,"      Kassel, Landkreis",6183,6030,7959,10188,6722,4739,11259,11742,12676,12890,12988,16493,20939,20042,16985,28054,30744,236633,HE
6634,"      Schwalm-Eder-Kreis",4494,4609,6085,7935,5180,3747,9061,9684,10058,10177,10092,12725,15659,15671,13137,20210,21698,180222,HE
6635,"      Waldeck-Frankenberg, Landkreis",4157,4021,5355,7184,4829,3333,8167,8511,8524,8460,8560,10656,13736,13774,11380,17050,19256,156953,HE
6636,"      Werra-Meißner-Kreis",2457,2407,3199,4171,2736,2028,5630,5273,5247,5154,5109,6832,8461,8799,7686,12150,13678,101017,HE
7111,"      Koblenz, Kreisfreie Stadt",3212,2913,3519,4393,2663,2387,8952,9913,8620,7263,6123,6588,8174,7842,6828,11032,13602,114024,RP
7131,"      Ahrweiler, Landkreis",3471,3340,4228,5310,3598,2690,6863,6992,7002,7065,6655,8323,11680,11247,9458,14696,17109,129727,RP
7132,"      Altenkirchen (Westerwald), Landkreis",3501,3420,4525,5953,3768,2697,6953,7375,7207,7276,6887,8827,11216,11151,9255,13742,14952,128705,RP
7133,"      Bad Kreuznach, Landkreis",4398,4172,5498,7038,4540,3335,7837,8662,8866,8867,8607,10540,13691,13670,11583,17907,18869,158080,RP
7134,"      Birkenfeld, Landkreis",2134,1924,2631,3397,2250,1725,4098,4575,4518,4349,4199,5093,6694,7228,6320,9338,10247,80720,RP
7135,"      Cochem-Zell, Landkreis",1497,1473,1862,2688,1825,1275,3055,3338,3313,3208,3193,4117,5516,5518,4729,7024,7956,61587,RP
7137,"      Mayen-Koblenz, Landkreis",6123,5763,7355,9601,6211,4505,11106,12051,12687,12891,12028,14370,18814,18228,15578,22860,24088,214259,RP
7138,"      Neuwied, Landkreis",5152,4983,6485,8537,5582,3976,9632,10170,10100,10227,9774,12043,16001,15634,13121,19299,21225,181941,RP
7140,"      Rhein-Hunsrück-Kreis",2750,2689,3465,4526,3115,2274,4949,5566,5824,5920,5577,6953,9013,9127,7790,11372,12027,102937,RP
7141,"      Rhein-Lahn-Kreis",3238,3249,4067,5375,3440,2529,6010,6515,6822,6923,6775,8240,10735,10717,9037,14129,14507,122308,RP
7143,"      Westerwaldkreis",5609,5415,7173,9495,6229,4355,10191,11246,11926,11914,11355,14259,18159,17553,14186,20809,21723,201597,RP
7211,"      Trier, Kreisfreie Stadt",2944,2742,3318,4135,2599,2641,10570,11162,9140,7399,6203,6578,7869,7362,6342,9019,10613,110636,RP
7231,"      Bernkastel-Wittlich, Landkreis",3072,3028,3777,4997,3191,2349,5560,6109,6272,6475,6341,7702,9615,9792,8410,12313,13259,112262,RP
7232,"      Eifelkreis Bitburg-Prüm",2914,2746,3532,4554,2877,2095,5160,6035,5915,5931,5375,6685,8677,8530,7147,9823,10565,98561,RP
7233,"      Vulkaneifel, Landkreis",1462,1500,1950,2597,1748,1265,3075,3310,3231,3157,3181,3865,5303,5436,4862,6973,7688,60603,RP
7235,"      Trier-Saarburg, Landkreis",4064,4262,5587,7027,4365,3049,7175,7896,8684,9451,8919,10597,13448,12817,10835,14845,15924,148945,RP
7311,"      Frankenthal (Pfalz), Kreisfreie Stadt",1547,1398,1761,2182,1360,960,2602,3074,3093,3072,2759,3082,3784,3657,3159,4867,6204,48561,RP
7312,"      Kaiserslautern, Kreisfreie Stadt",2865,2438,3109,3857,2443,2097,8953,9308,7047,5767,5076,5834,7048,7387,6343,9598,10675,99845,RP
7313,"      Landau in der Pfalz, Kreisfreie Stadt",1305,1097,1513,1897,1156,1075,4681,3750,3152,2601,2423,2965,3677,3547,2885,4195,4758,46677,RP
7314,"      Ludwigshafen am Rhein, Kreisfreie Stadt",5876,5477,6709,8219,4821,3607,10669,12111,12262,11495,10712,11406,13324,12272,9874,14850,17377,171061,RP
7315,"      Mainz, Kreisfreie Stadt",6248,5585,6901,8323,4894,4466,19579,22363,19265,15674,12815,13217,14844,13480,11434,17629,20401,217118,RP
7316,"      Neustadt an der Weinstraße, Kreisfreie Stadt",1548,1397,1730,2301,1439,1057,2517,3202,3122,2919,2643,3364,4466,4548,3951,5787,7157,53148,RP
7317,"      Pirmasens, Kreisfreie Stadt",1043,1059,1340,1650,1078,796,2269,2396,2275,2007,2068,2413,3185,3478,3058,4544,5744,40403,RP
7318,"      Speyer, Kreisfreie Stadt",1387,1301,1763,2166,1464,1080,2543,2931,3031,2985,2892,3399,4332,4178,3512,5421,5993,50378,RP
7319,"      Worms, Kreisfreie Stadt",2652,2438,3007,3931,2371,1809,5312,5657,5259,5035,4982,5443,6428,6421,5512,8246,8827,83330,RP
7320,"      Zweibrücken, Kreisfreie Stadt",889,890,1116,1476,961,712,1945,2242,2265,2012,1883,2069,2578,2815,2440,3648,4268,34209,RP
7331,"      Alzey-Worms, Landkreis",3831,3753,4701,5866,3989,2872,6540,6940,7642,7811,7613,8961,11632,11372,9813,13632,12276,129244,RP
7332,"      Bad Dürkheim, Landkreis",3420,3337,4385,5635,3735,2686,6068,6398,6656,7354,7114,9247,12187,12310,10073,15660,16395,132660,RP
7333,"      Donnersbergkreis",2053,1975,2601,3554,2330,1635,3643,3844,4153,4256,4194,5156,6615,6879,5876,8278,8059,75101,RP
7334,"      Germersheim, Landkreis",3763,3705,4600,5982,3731,2763,7187,7546,7992,8218,7583,9089,11177,11074,9050,12722,12893,129075,RP
7335,"      Kaiserslautern, Landkreis",3426,2985,3809,4937,3232,2308,5281,5755,6133,6205,5781,6907,8909,9370,8114,11186,11719,106057,RP
7336,"      Kusel, Landkreis",1859,1767,2286,2937,1934,1385,3417,3723,3777,3828,3655,4598,6029,6662,5779,8323,8567,70526,RP
7337,"      Südliche Weinstraße, Landkreis",2878,2945,3725,4781,3069,2276,5176,5551,5948,6252,6092,7570,10169,10078,8260,12682,12904,110356,RP
7338,"      Rhein-Pfalz-Kreis",4607,4511,5465,6717,4212,3166,7153,7911,8710,9450,8800,10371,13593,13690,10874,16483,18488,154201,RP
7339,"      Mainz-Bingen, Landkreis",5945,6106,7982,10117,6366,4540,10435,10735,11402,12975,12813,15472,19385,18210,14780,21938,21688,210889,RP
7340,"      Südwestpfalz, Landkreis",2189,2261,2831,3695,2512,1815,4395,4838,4960,5021,4808,6328,8690,9061,7814,11249,12646,95113,RP
8111,"      Stuttgart, Landeshauptstadt, Stadtkreis",18965,16643,20953,26183,15032,11815,42280,59548,58266,49692,41988,42723,45284,40069,32090,50746,62553,634830,BW
8115,"      Böblingen, Landkreis",12667,11949,14935,18809,11618,8325,21189,24694,26308,26087,24434,27295,32150,29557,23811,35448,42364,391640,BW
8116,"      Esslingen, Landkreis",15533,14788,19095,25073,15582,11231,31398,34515,34838,33928,33065,37694,44943,40819,32237,49859,59261,533859,BW
8117,"      Göppingen, Landkreis",7543,7057,9190,12087,7661,5619,14356,15403,15763,15555,14927,17785,21548,20542,16753,25705,29759,257253,BW
8118,"      Ludwigsburg, Landkreis",17268,16266,20423,25680,16182,11289,29387,34684,36641,36179,34676,38253,45649,40811,33026,49668,57902,543984,BW
8119,"      Rems-Murr-Kreis, Landkreis",12503,12006,15162,20250,12989,9289,23718,25397,25830,26053,25157,30037,36838,34248,27044,41037,48600,426158,BW
8121,"      Heilbronn, Stadtkreis",4022,3696,4701,5893,3593,2666,8329,9677,9247,8388,7900,8452,9142,8578,7163,11105,13408,125960,BW
8125,"      Heilbronn, Landkreis",10503,9977,12499,16453,10694,7574,19138,20944,22000,22204,21295,24479,29489,27684,22232,32080,33823,343068,BW
8126,"      Hohenlohekreis, Landkreis",3320,3032,4094,5468,3471,2604,6513,7105,7247,6869,6510,7859,9417,9160,7553,10466,11322,112010,BW
8127,"      Schwäbisch Hall, Landkreis",6040,5732,7255,9581,6239,4399,11072,12391,12924,12303,11565,13355,16212,15754,13409,18503,19127,195861,BW
8128,"      Main-Tauber-Kreis, Landkreis",3665,3478,4319,6109,4049,2852,7069,7665,7739,7648,7377,8893,11160,11023,9459,14324,15492,132321,BW
8135,"      Heidenheim, Landkreis",3682,3699,4813,6353,4137,3034,7392,7833,8059,8078,7641,8910,10607,10620,8689,13053,15872,132472,BW
8136,"      Ostalbkreis, Landkreis",8907,8643,11199,15122,10071,7325,19062,19356,19017,18902,18423,21838,25641,24937,20943,30428,34188,314002,BW
8211,"      Baden-Baden, Stadtkreis",1401,1250,1663,2237,1409,1063,2816,2989,3082,3195,3129,3686,4627,4444,3742,6388,8002,55123,BW
8212,"      Karlsruhe, Stadtkreis",8490,7643,9474,11929,7207,7129,27757,29971,25395,21669,18370,19801,22998,20787,16922,26199,31351,313092,BW
8215,"      Karlsruhe, Landkreis",12455,12428,15834,20413,12776,9254,23813,25728,27010,27869,26408,31193,38634,36897,29784,44996,48740,444232,BW
8216,"      Rastatt, Landkreis",6300,6276,7951,10414,6895,4883,12063,13363,13805,14030,13355,15893,19911,19637,16400,23692,26150,231018,BW
8221,"      Heidelberg, Stadtkreis",4705,3939,4859,5855,3240,4046,17299,17076,15007,12159,9192,9160,10329,9393,7845,12305,13946,160355,BW
8222,"      Mannheim, Stadtkreis",9342,8164,9876,12508,7566,6809,24146,26748,24626,21840,18782,20359,23243,21115,17277,26852,30117,309370,BW
8225,"      Neckar-Odenwald-Kreis, Landkreis",3952,3732,4870,6616,4396,3187,8016,8337,8147,8221,7968,9738,12313,12589,10508,15013,15932,143535,BW
8226,"      Rhein-Neckar-Kreis, Landkreis",15785,15463,20110,25337,15653,11313,29007,31632,32811,34160,32213,37953,47871,44497,36304,56352,61164,547625,BW
8231,"      Pforzheim, Stadtkreis",4182,3833,4677,6023,3638,2786,8133,9385,8796,8112,7282,8060,9089,8828,7515,11391,13812,125542,BW
8235,"      Calw, Landkreis",4495,4444,5754,7542,5097,3582,8932,9057,9235,9320,9292,10869,13538,13463,10817,15736,17224,158397,BW
8236,"      Enzkreis, Landkreis",5724,5436,7176,9403,6318,4567,10636,11116,11494,12081,11232,13854,17678,16787,13306,19677,22420,198905,BW
8237,"      Freudenstadt, Landkreis",3346,3191,4234,5831,3741,2664,6685,7140,6870,6945,6672,8148,10123,9954,8176,11313,12902,117935,BW
8311,"      Freiburg im Breisgau, Stadtkreis",7243,6311,7848,9413,5636,5486,21543,23349,20133,16069,13192,13710,15692,14580,12058,17789,20189,230241,BW
8315,"      Breisgau-Hochschwarzwald, Landkreis",7714,7551,9771,12601,8035,5782,14383,14765,15166,15566,14865,17695,22644,21147,17811,27403,29896,262795,BW
8316,"      Emmendingen, Landkreis",4876,4724,6010,8019,4959,3653,8943,9164,9691,10199,9474,11373,14398,13842,11467,16871,17720,165383,BW
8317,"      Ortenaukreis, Landkreis",12529,12341,15563,20658,13046,9420,23885,25788,26352,25524,24298,29422,36535,35184,29521,42275,47138,429479,BW
8325,"      Rottweil, Landkreis",4095,3992,5099,6870,4415,3129,7703,8319,8233,8078,7893,9495,11922,11574,9290,13431,15917,139455,BW
8326,"      Schwarzwald-Baar-Kreis, Landkreis",6113,5820,7452,9766,6157,4569,12294,13553,13343,12661,11858,13516,16902,16941,14321,21523,25592,212381,BW
8327,"      Tuttlingen, Landkreis",4468,4228,5483,7321,4503,3298,7927,8928,9142,8860,8431,9377,11014,10882,8877,12639,14774,140152,BW
8335,"      Konstanz, Landkreis",8117,7691,9894,12828,8193,6797,21197,19063,17620,16750,15764,18519,23639,22087,17692,27321,32153,285325,BW
8336,"      Lörrach, Landkreis",6852,6634,8698,11171,6952,4825,12164,13580,14082,14115,13397,15695,19927,19043,15102,21599,24803,228639,BW
8337,"      Waldshut, Landkreis",4896,4929,6572,8520,5500,3745,9141,9919,10223,10391,9649,11281,14105,13836,11785,17281,18846,170619,BW
8415,"      Reutlingen, Landkreis",8682,8162,10359,13690,8644,6352,16885,17695,17817,17600,16759,19930,24095,22714,18615,26895,31854,286748,BW
8416,"      Tübingen, Landkreis",6988,6428,8039,10285,6576,5777,19971,18925,16140,14364,12480,14175,17321,16671,14018,18999,20174,227331,BW
8417,"      Zollernalbkreis, Landkreis",5172,4933,6461,8663,5711,3954,10516,11226,11210,10857,10442,12962,16070,15985,13107,19223,22443,188935,BW
8421,"      Ulm, Stadtkreis",3811,3484,4481,5513,3299,2896,10074,11220,10086,8694,7773,8090,8835,8018,6860,10848,12347,126329,BW
8425,"      Alb-Donau-Kreis, Landkreis",6102,5803,7396,9968,6392,4583,11370,11916,12101,12161,11882,13668,16601,15573,12811,17832,19888,196047,BW
8426,"      Biberach, Landkreis",6427,6178,7902,10178,6517,4530,11330,12667,13013,12762,12007,13967,16647,15624,12895,17915,19183,199742,BW
8435,"      Bodenseekreis, Landkreis",6146,5857,7649,9977,6486,4914,11588,12554,12878,13181,12431,14425,18099,17229,13914,22940,25959,216227,BW
8436,"      Ravensburg, Landkreis",8558,8070,10643,13811,9025,6680,17817,18304,17814,17298,16562,19919,23506,21928,18118,26946,29286,284285,BW
8437,"      Sigmaringen, Landkreis",3693,3631,4757,6342,4177,3205,8001,7914,7736,7597,7213,8740,11304,11053,8958,12470,14082,130873,BW
9161,"      Ingolstadt",4559,4060,4771,5905,3621,2721,8315,10992,11760,10157,8934,9025,9975,9262,7786,11644,13494,136981,BY
9162,"      München, Landeshauptstadt",49709,42974,49542,57365,32480,25465,92652,134040,138261,118986,100808,100641,108231,90127,70937,122145,137145,1471508,BY
9163,"      Rosenheim",1960,1698,2183,2769,1725,1302,4114,4872,4813,4207,4051,4163,4945,4336,3454,6091,6641,63324,BY
9171,"      Altötting, Landkreis",3312,3050,3993,5142,3289,2315,6141,6493,6552,6923,6240,7596,9275,9121,7570,11423,12775,111210,BY
9172,"      Berchtesgadener Land, Landkreis",2938,2739,3432,4468,2749,2138,6065,6723,6851,6498,6042,6822,8664,8116,6477,11503,13497,105722,BY
9173,"      Bad Tölz-Wolfratshausen, Landkreis",3892,3643,4637,6045,3849,2616,7124,7202,7434,7794,7644,8941,11347,10040,7874,12577,14568,127227,BY
9174,"      Dachau, Landkreis",4836,4573,5858,7382,4503,3073,8856,9434,10251,10867,10321,11196,13469,11787,9088,13744,14646,153884,BY
9175,"      Ebersberg, Landkreis",4305,4603,5842,7357,4398,3144,7971,7790,8373,9582,9736,10898,12814,10822,7946,12153,14408,142142,BY
9176,"      Eichstätt, Landkreis",4439,4225,5200,6519,4215,3007,8114,8333,8726,9077,8522,9153,11032,10316,8260,11168,12035,132341,BY
9177,"      Erding, Landkreis",4172,4151,5187,6884,4283,3126,8045,8540,8642,9283,9234,10750,12807,11013,8272,11673,11598,137660,BY
9178,"      Freising, Landkreis",5634,5365,6708,8410,5251,3936,12200,13272,12916,12682,12089,13348,15719,13353,9996,13897,14340,179116,BY
9179,"      Fürstenfeldbruck, Landkreis",6623,6494,8671,10384,6348,4619,11889,12512,13030,14159,14091,15736,18776,16265,12485,21758,25480,219320,BY
9180,"      Garmisch-Partenkirchen, Landkreis",2477,2226,2823,3598,2339,1814,4915,5121,4951,4948,4847,5858,7737,7084,5556,10019,12154,88467,BY
9181,"      Landsberg am Lech, Landkreis",3389,3411,4488,5969,3820,2799,6859,6669,6677,7366,7137,8782,11138,10074,7532,11808,12153,120071,BY
9182,"      Miesbach, Landkreis",2792,2732,3497,4604,2799,1976,5276,5549,5690,5909,6017,7119,9065,8042,6107,10365,12187,99726,BY
9183,"      Mühldorf a.Inn, Landkreis",3437,3304,4226,5292,3406,2515,6797,7312,7088,7021,7099,8159,9722,9364,7587,11286,11635,115250,BY
9184,"      München, Landkreis",10150,10622,14302,18150,10106,7188,20297,20159,20740,23238,23414,25911,30164,24474,18634,31930,39392,348871,BY
9185,"      Neuburg-Schrobenhausen, Landkreis",2988,2908,3642,4557,3000,2103,5503,5843,6177,6406,6073,6820,8031,7834,6403,8902,9490,96680,BY
9186,"      Pfaffenhofen a.d.Ilm, Landkreis",4034,3825,4798,5915,3668,2649,7125,7990,8746,8840,8124,8935,10913,10314,8188,11339,11748,127151,BY
9187,"      Rosenheim, Landkreis",7444,7308,9578,12220,7997,5664,14374,15141,15284,15704,15194,18612,22965,21103,16842,27120,28433,260983,BY
9188,"      Starnberg, Landkreis",3686,3876,5451,7061,4411,2929,6949,6539,6539,7789,8313,9902,12643,10576,8252,13985,17191,136092,BY
9189,"      Traunstein, Landkreis",4895,4673,6019,8053,5065,3767,9889,10637,10362,10355,10196,11854,14857,14580,11754,19007,21126,177089,BY
9190,"      Weilheim-Schongau, Landkreis",3903,3909,5015,6380,4167,2878,7414,7699,7846,8062,7739,9273,11872,11048,8964,13800,15379,135348,BY
9261,"      Landshut",2074,1888,2471,2969,1801,1434,4653,5672,5322,4840,4745,4938,5597,5012,4188,6940,7860,72404,BY
9262,"      Passau",1237,1130,1455,1769,1188,1167,5362,5064,3921,3135,2712,2923,3506,3527,3155,5283,5935,52469,BY
9263,"      Straubing",1270,1109,1443,1921,1164,980,2778,3650,3326,3114,2913,3274,3716,3816,3148,4967,5205,47794,BY
9271,"      Deggendorf, Landkreis",3084,3083,4073,5213,3479,2694,7353,7650,7233,7437,7127,8319,9907,10155,8260,12252,12007,119326,BY
9272,"      Freyung-Grafenau, Landkreis",2000,1965,2363,3248,2393,1684,4443,4540,4324,4415,4389,5556,6766,7086,6213,8762,8208,78355,BY
9273,"      Kelheim, Landkreis",3660,3480,4593,5970,3783,2841,7206,7733,7788,7943,7709,8884,10339,9698,7929,11295,11407,122258,BY
9274,"      Landshut, Landkreis",4750,4676,6080,7745,4806,3578,8868,9188,9589,10199,10202,11883,14020,13242,10342,14972,14558,158698,BY
9275,"      Passau, Landkreis",4823,4995,6476,8366,5624,4168,10559,11009,10781,11511,11230,13777,16153,16363,13944,21231,21033,192043,BY
9276,"      Regen, Landkreis",2020,1954,2446,3335,2231,1704,4282,4566,4534,4445,4365,5389,6536,6728,5849,8826,8446,77656,BY
9277,"      Rottal-Inn, Landkreis",3264,3150,4123,5461,3558,2707,7179,7246,6966,7255,7000,8427,10030,10101,8457,12342,13393,120659,BY
9278,"      Straubing-Bogen, Landkreis",2821,2825,3590,4799,3128,2291,5507,5760,6066,6118,6282,7480,8796,8509,6995,9961,9721,100649,BY
9279,"      Dingolfing-Landau, Landkreis",2768,2559,3253,4380,2865,2101,5488,6531,6264,6190,5906,6905,7966,8175,6565,9090,9211,96217,BY
9361,"      Amberg",1108,969,1336,1741,1139,848,2359,2804,2710,2479,2324,2667,3355,3365,2929,4565,5272,41970,BY
9362,"      Regensburg",4372,3885,4743,5660,3272,3024,12533,16780,14362,11243,9145,9600,10470,9579,7820,12128,13994,152610,BY
9363,"      Weiden i.d.OPf.",1137,1007,1289,1705,1169,909,2644,2904,2614,2503,2327,2773,3511,3356,2808,4605,5259,42520,BY
9371,"      Amberg-Sulzbach, Landkreis",2777,2545,3398,4535,3106,2278,5773,5858,5926,5878,5735,7250,9270,9330,7770,10311,11369,103109,BY
9372,"      Cham, Landkreis",3438,3365,4234,5624,3599,2714,7278,7564,7665,7643,7447,9094,10844,10990,9259,13581,13543,127882,BY
9373,"      Neumarkt i.d.OPf., Landkreis",3854,3859,4803,6067,4047,3060,7910,8288,8075,8415,7998,9646,11773,11276,9079,12423,12988,133561,BY
9374,"      Neustadt a.d.Waldnaab, Landkreis",2640,2272,3171,4146,2865,2116,5257,5390,5521,5555,5312,6659,8449,8326,6912,9793,9968,94352,BY
9375,"      Regensburg, Landkreis",5623,5704,7083,9098,5789,4174,10742,10812,11450,12572,12089,14384,17027,16325,13340,19304,18056,193572,BY
9376,"      Schwandorf, Landkreis",4046,3786,4940,6454,4315,3195,8438,8949,8955,9072,8981,10552,12588,12470,10228,14774,15446,147189,BY
9377,"      Tirschenreuth, Landkreis",1833,1819,2325,3001,2073,1456,3971,4197,4007,3982,4038,5089,6357,6403,5503,7779,8671,72504,BY
9461,"      Bamberg",2380,1960,2359,2836,1718,1532,6222,7769,6819,5031,4159,4724,5499,5348,4389,6643,8204,77592,BY
9462,"      Bayreuth",1777,1544,1966,2669,1614,2067,8314,6763,4948,4214,3870,4319,5144,5038,4413,7473,8524,74657,BY
9463,"      Coburg",1054,935,1234,1602,995,864,2667,2985,2862,2400,2074,2587,3244,3258,2805,4377,5306,41249,BY
9464,"      Hof",1332,1281,1527,1827,1229,978,2801,3008,2800,2601,2417,2966,3572,3451,3139,5173,5828,45930,BY
9471,"      Bamberg, Landkreis",4369,4145,5250,6786,4491,3199,7740,8571,9007,9322,8823,10812,13226,12991,10371,14103,13880,147086,BY
9472,"      Bayreuth, Landkreis",2577,2630,3553,4577,3091,2179,5120,5277,5574,6120,5929,7674,9322,9249,7573,11260,11951,103656,BY
9473,"      Coburg, Landkreis",2287,2236,2793,3738,2439,1777,4215,4576,4993,5094,4760,6085,7664,7721,6492,9539,10497,86906,BY
9474,"      Forchheim, Landkreis",3261,3306,4132,5270,3511,2480,6231,6538,6783,7202,6856,7920,10402,10373,8351,11616,11867,116099,BY
9475,"      Hof, Landkreis",2174,2168,2879,3887,2696,1941,4516,4826,4687,5032,4917,6818,8483,8589,7185,11270,13243,95311,BY
9476,"      Kronach, Landkreis",1440,1442,2085,2587,1885,1343,3160,3480,3538,3685,3684,4958,6165,6225,5229,7640,8589,67135,BY
9477,"      Kulmbach, Landkreis",1676,1526,2194,3002,2068,1466,3584,3706,3729,3943,4059,5178,6531,6416,5472,8460,8835,71845,BY
9478,"      Lichtenfels, Landkreis",1713,1658,2259,2741,1849,1352,3525,3775,3672,3897,3810,4735,5921,5895,4951,7142,7943,66838,BY
9479,"      Wunsiedel i.Fichtelgebirge, Landkreis",1824,1622,2229,2908,2030,1446,3633,3726,3645,3869,3699,4894,6302,6569,5489,9014,10279,73178,BY
9561,"      Ansbach",1297,1174,1405,1862,1153,915,2572,2927,2669,2579,2362,2730,3305,3264,2748,4089,4796,41847,BY
9562,"      Erlangen",3357,3143,3738,4655,2784,2385,9424,11303,9228,7766,6256,6824,8169,7411,5734,8870,10915,111962,BY
9563,"      Fürth",4089,3643,4252,5271,3358,2608,7512,9017,9499,9339,8448,8976,10667,9801,7882,11410,11976,127748,BY
9564,"      Nürnberg",16097,14313,17465,21700,12924,9850,32835,41736,40066,36697,32754,34356,38972,34999,29548,48093,55960,518365,BY
9565,"      Schwabach",1214,1173,1445,1918,1163,849,2148,2313,2398,2514,2426,2854,3735,3190,2554,4191,4707,40792,BY
9571,"      Ansbach, Landkreis",5393,5061,6567,8686,5584,4135,10648,10932,11058,11228,10767,12855,15825,15462,12899,17737,19112,183949,BY
9572,"      Erlangen-Höchstadt, Landkreis",4089,4163,5231,6500,4032,2873,6824,7045,8027,9073,8364,9649,11671,11358,9586,13989,13797,136271,BY
9573,"      Fürth, Landkreis",3412,3367,4209,5052,3166,2303,5706,5880,6595,7241,7101,8144,10465,9920,8046,12943,13837,117387,BY
9574,"      Nürnberger Land, Landkreis",4727,4731,5959,7585,4888,3444,8657,8852,9654,10600,9936,12257,15105,14357,11698,18138,19777,170365,BY
9575,"      Neustadt a.d.Aisch-Bad Windsheim, Landkreis",2825,2807,3459,4576,3087,2192,5537,5695,6022,6091,5713,6889,8814,8599,7141,10318,10599,100364,BY
9576,"      Roth, Landkreis",3763,3519,4448,5681,3868,2752,6942,6989,7386,7660,7414,9066,11513,10780,8789,12808,13580,126958,BY
9577,"      Weißenburg-Gunzenhausen, Landkreis",2726,2532,3231,4348,2952,2018,5093,5406,5697,5469,5422,6167,7953,8161,6681,9839,10698,94393,BY
9661,"      Aschaffenburg",2057,1848,2385,3045,1851,1410,3937,4939,5054,4713,4235,4697,5716,5416,4552,7017,7655,70527,BY
9662,"      Schweinfurt",1675,1488,1874,2334,1377,1240,3511,3789,3603,3254,2906,3085,3778,3923,3518,5548,7129,54032,BY
9663,"      Würzburg",3394,2926,3226,4006,2453,2751,13486,14272,11041,8092,6526,6655,8396,8095,7048,11073,14440,127880,BY
9671,"      Aschaffenburg, Landkreis",4773,4589,5897,7904,5055,3585,8965,9623,10042,10441,9911,12218,15890,15503,12431,18211,19170,174208,BY
9672,"      Bad Kissingen, Landkreis",2614,2573,3316,4348,2973,2099,5182,5446,5583,5723,5521,6832,8863,9089,7864,11798,13394,103218,BY
9673,"      Rhön-Grabfeld, Landkreis",2141,2096,2710,3652,2481,1664,4263,4435,4526,4525,4247,5378,6867,7039,6033,8479,9154,79690,BY
9674,"      Haßberge, Landkreis",2367,2294,2916,3750,2553,1875,4518,4779,4929,5090,4657,5779,7408,7701,6433,8808,8742,84599,BY
9675,"      Kitzingen, Landkreis",2583,2467,3070,3985,2723,1930,5080,5545,5592,5649,5253,6256,7918,7764,6335,9214,9545,90909,BY
9676,"      Miltenberg, Landkreis",3502,3449,4475,5786,3914,2842,6997,7156,7245,7651,7579,9290,11431,11050,8991,13265,14133,128756,BY
9677,"      Main-Spessart, Landkreis",3350,3122,4034,5380,3657,2521,6536,6903,7066,7111,6941,8646,11155,11510,9529,14048,14856,126365,BY
9678,"      Schweinfurt, Landkreis",3230,3143,3926,5098,3334,2406,5988,6610,6913,6896,6248,7595,10070,10206,8467,12049,12927,115106,BY
9679,"      Würzburg, Landkreis",4678,4597,5693,7234,4740,3359,8689,8940,9583,10004,9661,10873,13719,13907,11746,17335,17076,161834,BY
9761,"      Augsburg",8863,7835,9294,11905,7291,6055,21214,25904,23972,21131,18418,18798,21100,19440,16589,26327,30999,295135,BY
9762,"      Kaufbeuren",1286,1202,1464,1991,1260,924,2390,2779,2846,2667,2503,2701,3453,3490,2895,4530,5512,43893,BY
9763,"      Kempten (Allgäu)",2091,1763,2149,2884,1823,1444,4773,5399,4729,4432,3949,4343,5002,4728,4132,7004,8262,68907,BY
9764,"      Memmingen",1326,1186,1514,1960,1281,966,2419,2981,2813,2779,2648,2811,3512,3345,2827,4331,5138,43837,BY
9771,"      Aichach-Friedberg, Landkreis",4253,4040,5098,6336,4180,3030,7229,7323,7940,8509,8151,9606,12041,10929,8447,12853,13631,133596,BY
9772,"      Augsburg, Landkreis",7777,7468,9361,11843,7724,5494,13418,13976,14909,15758,15292,17718,22310,20393,16535,24956,26602,251534,BY
9773,"      Dillingen a.d.Donau, Landkreis",2741,2646,3499,4497,3020,2235,5484,5811,5771,5641,5739,6781,8224,7925,6672,9386,9949,96021,BY
9774,"      Günzburg, Landkreis",3693,3532,4510,5899,3929,2857,7313,8001,7828,7652,7737,8962,10745,10336,8380,11806,12567,125747,BY
9775,"      Neu-Ulm, Landkreis",5193,4834,6378,8012,5234,3794,10233,11083,11461,11475,10601,12227,14050,13370,11070,16739,18446,174200,BY
9776,"      Lindau (Bodensee), Landkreis",2262,2186,2765,3686,2570,1832,4242,4509,4843,4936,4584,5718,7228,6716,5136,8352,10104,81669,BY
9777,"      Ostallgäu, Landkreis",4347,4030,5022,6857,4368,3115,7744,8138,8314,8469,8005,9795,12156,11253,9087,14408,15208,140316,BY
9778,"      Unterallgäu, Landkreis",4319,4128,5177,6624,4429,3303,8325,8698,8475,8630,8461,10071,12347,11550,9234,14316,15954,144041,BY
9779,"      Donau-Ries, Landkreis",3811,3670,4849,6440,4131,3128,7784,8049,8261,8375,8280,9359,11231,10823,8814,12690,13801,133496,BY
9780,"      Oberallgäu, Landkreis",4512,4235,5198,6847,4544,3303,8104,8840,9069,8987,8911,10786,13588,12897,10335,16683,18523,155362,BY
10041,"      Saarbrücken, Regionalverband",8824,8065,10476,13176,8268,6573,19945,23001,21426,19772,17293,20007,26517,26978,23721,36463,39203,329708,SL
10041100,"      Saarbrücken, Landeshauptstadt",4969,4431,5654,7011,4392,3631,12463,14721,13307,11408,9768,10717,13732,13884,12126,18490,20037,180741,SL
10042,"      Merzig-Wadern, Landkreis",2438,2394,3338,4577,2986,2036,5001,5619,5833,6056,5740,7081,9150,9437,8242,11289,12149,103366,SL
10043,"      Neunkirchen, Landkreis",3291,3110,4059,5258,3337,2577,6584,7328,7624,7575,6876,8260,11398,12208,10492,15244,16985,132206,SL
10044,"      Saarlouis, Landkreis",4934,4834,6264,7940,5203,3667,9832,10943,11509,11072,10267,12252,16605,17639,15503,22444,24293,195201,SL
10045,"      Saarpfalz-Kreis",3430,3296,4481,5770,3687,2827,7424,7777,7816,7850,7361,8856,12370,12727,11321,16576,19062,142631,SL
10046,"      St. Wendel, Landkreis",1883,1910,2613,3514,2280,1624,4073,4689,4805,4803,4584,5751,7647,8422,7273,10358,11168,87397,SL
11000,"  Berlin",118606,109384,132502,151676,84805,62621,200052,288455,326159,285694,230882,228955,271426,254720,199325,328669,370895,3644826,BE
12051,"      Brandenburg an der Havel, Kreisfreie Stadt",1822,1857,2350,2654,1467,1062,2854,3792,5060,4716,3736,3954,5421,6183,5330,8197,11669,72124,BB
12052,"      Cottbus, Kreisfreie Stadt",2611,2585,3346,3791,2148,1718,4903,6076,7283,6388,5010,5642,7352,8481,7444,11217,14224,100219,BB
12053,"      Frankfurt (Oder), Kreisfreie Stadt",1390,1385,1877,2341,1313,1048,2935,3042,3719,3347,3111,3294,4174,5151,4821,6613,8312,57873,BB
12054,"      Potsdam, Kreisfreie Stadt",6052,5611,7230,8141,4353,3142,9059,12612,15028,13952,11944,11282,12432,12336,9851,15463,19601,178089,BB
12060,"      Barnim, Landkreis",4700,4964,7029,8228,4506,2937,5965,7001,11060,11978,10954,12019,15954,17711,14570,20346,22838,182760,BB
12061,"      Dahme-Spreewald, Landkreis",4568,4635,6174,7251,4182,2763,5599,6770,10174,11242,9940,11473,15010,15732,12891,18021,22642,169067,BB
12062,"      Elbe-Elster, Landkreis",2354,2314,3132,4183,2426,1435,2684,3646,5660,5803,5286,6857,8817,10145,9194,12902,15800,102638,BB
12063,"      Havelland, Landkreis",4057,4508,6203,7495,4551,3145,5892,6375,9309,10092,9623,11283,15694,15377,12044,16866,19395,161909,BB
12064,"      Märkisch-Oderland, Landkreis",4844,5255,7311,8522,4841,2975,5446,6654,11266,12910,11587,12716,17375,20000,16243,21386,24997,194328,BB
12065,"      Oberhavel, Landkreis",5332,5859,7907,9803,5879,3783,7339,7970,12275,13582,12594,14673,20020,20033,15926,22220,26054,211249,BB
12066,"      Oberspreewald-Lausitz, Landkreis",2599,2579,3508,4220,2415,1604,3155,4159,6395,6430,5805,7053,9221,10509,9196,13886,17742,110476,BB
12067,"      Oder-Spree, Landkreis",4522,4456,6255,7410,4445,2778,5385,6243,10144,10889,9899,11255,15516,17200,15083,21397,25781,178658,BB
12068,"      Ostprignitz-Ruppin, Landkreis",2389,2478,3330,4039,2391,1645,3033,3837,5950,5996,5236,6174,8534,9915,8997,11717,13417,99078,BB
12069,"      Potsdam-Mittelmark, Landkreis",5400,5922,8563,10787,6251,3951,6660,7180,11591,13466,13362,15377,20363,20840,16858,22659,25434,214664,BB
12070,"      Prignitz, Landkreis",1716,1742,2338,2923,1742,1235,2358,2946,4431,4106,3572,4658,6536,7880,6832,9571,11922,76508,BB
12071,"      Spree-Neiße, Landkreis",2532,2676,3650,4591,2598,1675,2733,3599,5826,6461,5785,7430,10197,12097,10763,14684,17132,114429,BB
12072,"      Teltow-Fläming, Landkreis",4669,4649,6189,7526,4449,2884,6080,7116,11027,11331,9943,11354,15279,15641,12344,17260,20555,168296,BB
12073,"      Uckermark, Landkreis",2674,2893,3867,4947,2909,1765,3501,4420,6516,6655,6085,7238,10170,12136,10827,15132,17817,119552,BB
13003,"      Kreisfreie Stadt Rostock, Hansestadt",5727,5383,6577,7457,4279,4246,13615,16064,17657,14325,10879,10893,13899,14876,13184,21049,28776,208886,MV
13004,"      Kreisfreie Stadt Schwerin, Landeshauptstadt",2689,2692,3373,3992,2370,1839,4403,5338,6784,6256,5207,5445,6697,7348,6900,10792,13693,95818,MV
13071,"      Landkreis Mecklenburgische Seenplatte",6048,6558,8893,10975,6530,4145,7877,10446,15533,15468,13927,15416,21427,25707,23522,31321,35337,259130,MV
13072,"      Landkreis Rostock",5527,6029,8139,9804,5592,3296,5744,7751,13041,14001,12282,13674,18991,21610,18468,24905,26259,215113,MV
13073,"      Landkreis Vorpommern-Rügen",5097,5465,7772,9254,5218,3491,7257,9276,13551,13861,12129,13434,18846,22096,19520,27087,31330,224684,MV
13074,"      Landkreis Nordwestmecklenburg",3948,4144,5721,6833,4128,2627,5447,6833,10147,10377,8882,10232,13385,14339,12844,17828,19014,156729,MV
13075,"      Landkreis Vorpommern-Greifswald",5733,5867,8063,9719,5571,3978,9631,11858,15315,14332,12363,13633,18379,22482,20451,27775,31547,236697,MV
13076,"      Landkreis Ludwigslust-Parchim",5359,5604,7471,8972,5450,3270,6373,8667,13034,13297,11912,13895,18628,21410,18883,24473,25920,212618,MV
14511,"      Chemnitz, Stadt",6989,6575,8357,9639,5540,4246,11476,15610,17916,15908,12979,13961,16400,17056,15944,31372,37269,247237,SN
14521,"      Erzgebirgskreis",8044,8568,11783,14806,8426,5228,9563,11789,18076,20117,18792,21484,25016,28273,28404,49111,50216,337696,SN
14522,"      Mittelsachsen, Landkreis",7462,7862,10708,12708,7552,4768,9956,12671,17671,18163,16685,19423,24257,26205,24257,39454,46383,306185,SN
14523,"      Vogtlandkreis",5238,5394,7332,9195,5441,3541,6796,8483,12406,12974,12012,14677,17977,19626,18444,31433,36827,227796,SN
14524,"      Zwickau, Landkreis",7628,7957,10444,12834,7746,5096,10300,12650,17979,18443,16546,20335,25214,26986,24680,42712,49981,317531,SN
14612,"      Dresden, Stadt",18374,17616,21577,23246,12310,11137,34843,43499,47825,41380,33418,31667,34620,33628,28311,51185,70013,554649,SN
14625,"      Bautzen, Landkreis",7705,8228,11069,13347,7698,4634,7785,10448,16770,18250,17108,19264,24140,27379,24739,36448,45868,300880,SN
14626,"      Görlitz, Landkreis",5962,6423,8618,10876,6167,3983,7954,8968,13662,14072,13218,15425,20195,23061,21014,33603,41693,254894,SN
14627,"      Meißen, Landkreis",6001,6560,8999,10901,6358,3798,6471,8387,13626,15063,14008,15803,19710,21285,18786,28988,37421,242165,SN
14628,"      Sächsische Schweiz-Osterzgebirge, Landkreis",6557,6897,9410,11345,6438,3924,6776,8773,14311,14980,14586,16025,19433,20665,18097,30281,37113,245611,SN
14713,"      Leipzig, Stadt",19734,18259,21148,22733,11946,11412,39257,51137,56833,46517,34789,32934,36235,34934,29778,51591,68620,587857,SN
14729,"      Leipzig, Landkreis",6574,6938,9386,11483,6550,4058,6906,8978,14538,15743,15067,17609,22126,23391,20324,31653,36439,257763,SN
14730,"      Nordsachsen, Landkreis",5058,5256,6925,8435,4988,3150,5570,7437,11834,12495,11292,13156,16778,18438,16223,23169,27469,197673,SN
15001,"      Dessau-Roßlau, Kreisfreie Stadt",1858,1829,2473,2953,1740,1128,2617,3588,4497,4492,3931,4811,6491,6986,6346,11162,14335,81237,ST
15002,"      Halle (Saale), Kreisfreie Stadt",7210,6619,8530,9829,5410,5187,16510,17244,17840,15377,12531,14016,15569,15460,14173,26405,31347,239257,ST
15003,"      Magdeburg, Kreisfreie Stadt",6921,6508,8093,9313,5130,4535,15239,17394,18499,15248,12118,13754,16263,17034,14761,25897,31990,238697,ST
15081,"      Altmarkkreis Salzwedel",2053,2261,2903,3608,2165,1346,2699,3397,5035,5053,4418,5460,7466,8450,7215,9366,10870,83765,ST
15082,"      Anhalt-Bitterfeld, Landkreis",3588,3698,4975,6048,3678,2509,5072,6186,9033,9237,8427,10709,13434,15087,13802,20462,23909,159854,ST
15083,"      Börde, Landkreis",4262,4640,6034,7497,4187,2745,5063,6985,10617,11139,9738,11998,15014,16607,14575,20124,20509,171734,ST
15084,"      Burgenlandkreis",4228,4362,5616,7048,4081,2604,5484,7293,10517,10755,9287,11579,15357,16571,15185,22561,27662,180190,ST
15085,"      Harz, Landkreis",4704,5018,6635,8400,5184,3373,6782,8564,12259,12581,11037,13993,17996,19849,17816,28408,31847,214446,ST
15086,"      Jerichower Land, Landkreis",2209,2358,2977,3628,2219,1385,2503,3323,5164,5371,4942,5995,7840,9054,7796,10853,12311,89928,ST
15087,"      Mansfeld-Südharz, Landkreis",2784,3066,4191,5204,3199,2089,3714,4896,7275,7533,6931,8839,11380,12978,12060,18726,21384,136249,ST
15088,"      Saalekreis",4550,4680,6508,7854,4507,2783,5669,7126,10622,11759,10271,13095,15809,16853,15262,23374,23860,184582,ST
15089,"      Salzlandkreis",4325,4545,5889,7571,4428,2968,6277,7680,10746,10896,9623,12647,16218,17830,15789,24584,28544,190560,ST
15090,"      Stendal, Landkreis",2630,2741,3764,4578,2885,1879,3641,4740,6663,6159,5606,7231,9810,11268,9863,13346,15178,111982,ST
15091,"      Wittenberg, Landkreis",2803,2876,3982,4852,2960,1846,3534,4794,6968,6917,6228,8230,10931,12036,10979,16395,19509,125840,ST
16051,"      Erfurt, krsfr. Stadt",6380,6141,7602,8775,4893,4059,12378,14316,17126,14905,12143,12979,15033,15653,13891,22462,24963,213699,TH
16052,"      Gera, krsfr. Stadt",2383,2375,3099,3593,2068,1510,3282,4383,5807,5471,4597,5341,6952,8178,7837,12432,14844,94152,TH
16053,"      Jena, krsfr. Stadt",3318,3233,3969,4454,2442,2178,8618,10274,10368,8167,5961,5907,6563,6327,5927,10464,13237,111407,TH
16054,"      Suhl, krsfr. Stadt",702,811,945,1143,695,535,1243,1487,1791,1757,1601,2114,2739,3090,2950,5511,5721,34835,TH
16055,"      Weimar, krsfr. Stadt",1888,1884,2434,2826,1603,1279,3655,4487,4831,4484,3735,3926,4494,4635,3984,6817,8128,65090,TH
16056,"      Eisenach, krsfr. Stadt",1132,1101,1415,1792,1046,722,1629,2174,2780,2780,2320,2793,3184,3581,2956,4734,6231,42370,TH
16061,"      Eichsfeld, Kreis",2933,2954,3907,4624,2772,1637,3374,4436,6448,6766,6051,6427,7833,8529,7934,11722,12033,100380,TH
16062,"      Nordhausen, Kreis",2055,2178,2812,3514,2078,1480,3554,3622,5167,4916,4184,5383,6703,7393,6696,10243,11844,83822,TH
16063,"      Wartburgkreis",2992,3326,4306,5043,3078,1900,3782,4928,7277,7801,6902,8405,9944,11679,10413,15111,16138,123025,TH
16064,"      Unstrut-Hainich-Kreis",2721,2796,3707,4643,2752,1623,3471,4400,6103,6504,5608,6817,8279,9334,8353,12176,13625,102912,TH
16065,"      Kyffhäuserkreis",1710,1772,2427,3083,1870,1207,2209,2904,4293,4304,3910,4849,6224,7144,6637,9922,10544,75009,TH
16066,"      Schmalkalden-Meiningen, Kreis",2884,3166,3990,4764,2745,1889,4254,5056,7448,7545,6604,8009,9918,11481,10253,15375,16966,122347,TH
16067,"      Gotha, Kreis",3459,3567,4692,5679,3526,2273,4911,5811,8360,8663,7602,9255,10978,12036,10673,16296,17671,135452,TH
16068,"      Sömmerda, Kreis",1808,1861,2478,3037,1801,1073,2131,2674,4116,4502,3978,4938,5778,6467,5912,8877,8224,69655,TH
16069,"      Hildburghausen, Kreis",1541,1568,2171,2540,1507,957,2051,2713,3934,4256,3577,4270,5156,6008,5480,7609,8215,63553,TH
16070,"      Ilm-Kreis",2732,2882,3602,4432,2501,1789,4539,5563,6948,6780,5735,6935,8644,9243,8370,13362,14685,108742,TH
16071,"      Weimarer Land, Kreis",2129,2363,3226,3774,2183,1286,2586,3025,4784,5291,4908,5641,6845,7421,6875,10235,9375,81947,TH
16072,"      Sonneberg, Kreis",1190,1290,1668,2137,1385,827,1882,2227,3182,3371,3031,3846,4554,5263,4749,7247,8347,56196,TH
16073,"      Saalfeld-Rudolstadt, Kreis",2456,2514,3354,3973,2460,1543,3074,3914,5952,6132,5492,6930,8612,10040,9030,14052,16828,106356,TH
16074,"      Saale-Holzland-Kreis",2061,2211,2945,3407,2157,1388,2584,3045,4778,5249,4596,5499,7019,7742,6903,10586,10881,83051,TH
16075,"      Saale-Orla-Kreis",1946,2040,2749,3261,2027,1289,2492,3014,4552,4809,4437,5367,6628,7640,7043,10290,11284,80868,TH
16076,"      Greiz, Kreis",2061,2444,3103,3882,2343,1411,2605,3013,5011,5522,5067,6280,8352,9423,9000,13188,15454,98159,TH
16077,"      Altenburger Land, Kreis",1994,2009,2809,3508,2120,1332,2491,3026,4683,4974,4536,6055,7528,8047,7665,12669,14672,90118,TH
